User ID,Place Names
,"Detroit, MI"
,"Paris, France"
,"Sydney, Australia"
,"Salem, Oregon"
,"Talahassee, Florida"
,"Austin, Texas"
,"Shanghai, China"
,"Mexico City, Mexico"
,"New York City, New York"
,"Frankfurt, Germany"
,New York
,Los Angeles
,Chicago
,Houston
,Philadelphia
,Phoenix
,San Diego
,Dallas
,San Jose
,Austin
,Jacksonville
,San Francisco
,Indianapolis
,Columbus
,Fort Worth
,Charlotte
,Seattle
,Denver
,El Paso
,Detroit
,Washington
,Boston
,Memphis
,Nashville
,Portland
,Oklahoma City
,Las Vegas
,Baltimore
,Louisville
,Milwaukee
,Albuquerque
,Tucson
,Fresno
,Sacramento
,Kansas City
,Long Beach
,Mesa
,Atlanta
,Colorado Springs
,Virginia Beach
,Raleigh
,Omaha
,Miami
,Oakland
,Minneapolis
,Tulsa
,Wichita
,New Orleans
,Arlington
,Cleveland
,Bakersfield
,Tampa
,Aurora
,Honolulu
,Anaheim
,Santa Ana
,Corpus Christi
,Riverside
,St. Louis
,Lexington
,Stockton
,Pittsburgh
,Saint Paul
,Anchorage
,Cincinnati
,Henderson
,Greensboro
,Plano
,Newark
,Toledo
,Lincoln
,Orlando
,Chula Vista
,Jersey City
,Chandler
,Fort Wayne
,Buffalo
,Durham
,St. Petersburg
,Irvine
,Laredo
,Lubbock
,Madison
,Gilbert
,Norfolk
,Reno
,Winston-Salem
,Glendale
,Hialeah
,Garland
,Scottsdale
,Irving
,Chesapeake
,North Las Vegas
,Fremont
,Baton Rouge
,Richmond
,Boise
,San Bernardino
,Spokane
,Birmingham
,Modesto
,Des Moines
,Rochester
,Tacoma
,Fontana
,Oxnard
,Moreno Valley
,Fayetteville
,Huntington Beach
,Yonkers
,Glendale
,Montgomery
,Columbus
,Amarillo
,Little Rock
,Akron
,Shreveport
,Augusta
,Grand Rapids
,Mobile
,Salt Lake City
,Huntsville
,Tallahassee
,Grand Prairie
,Overland Park
,Knoxville
,Worcester
,Brownsville
,Newport News
,Santa Clarita
,Port St. Lucie
,Providence
,Fort Lauderdale
,Chattanooga
,Tempe
,Oceanside
,Garden Grove
,Rancho Cucamonga
,Cape Coral
,Santa Rosa
,Vancouver
,Sioux Falls
,Peoria
,Ontario
